{
  "lastModified": "2025-11-17T13:45:01.269Z",
  "files": [
    {
      "shortPath": "l0/README.md",
      "versionRef": "0e6431ae3c14256e7a5f6edf4953697cf7a4767c",
      "Length": 14,
      "update_at": "2025-11-17T13:09:16.000Z"
    },
    {
      "shortPath": "l2/designSystem.defs.ts",
      "versionRef": "f1c26a35d78e89d154d3d6e4e02f0b12cc7a2c35",
      "Length": 86,
      "update_at": "2025-11-17T13:44:26.000Z"
    },
    {
      "shortPath": "l2/designSystem.html",
      "versionRef": "407e94c1cf19a0a3117d9d391bd2a1dcb58b4471",
      "Length": 21,
      "update_at": "2025-11-17T13:44:26.000Z"
    },
    {
      "shortPath": "l2/designSystem.less",
      "versionRef": "10df380af189700c3251be17865a83ce02ed2610",
      "Length": 144,
      "update_at": "2025-11-17T13:44:26.000Z"
    },
    {
      "shortPath": "l2/designSystem.test.ts",
      "versionRef": "5140e374eefc8214b46b84be031e5a40e4076ed9",
      "Length": 254,
      "update_at": "2025-11-17T13:44:26.000Z"
    },
    {
      "shortPath": "l2/designSystem.ts",
      "versionRef": "9184ba9936081064c2272b237cd3af0b2f6bb7db",
      "Length": 24531,
      "update_at": "2025-11-17T13:44:26.000Z"
    },
    {
      "shortPath": "l2/music/aboutPage.defs.ts",
      "versionRef": "6adcda304dd4790a4f578b866b5f5d4ffbde2364",
      "Length": 2204,
      "update_at": "2025-11-17T13:44:26.000Z"
    },
    {
      "shortPath": "l2/music/aboutPage.html",
      "versionRef": "a7cdfaf4747fb660391b6ece162d7b93b414703b",
      "Length": 533,
      "update_at": "2025-11-17T13:44:26.000Z"
    },
    {
      "shortPath": "l2/music/aboutPage.less",
      "versionRef": "de46dcf536fd89a2e6b27787fb5cf4e59bf01d6c",
      "Length": 511,
      "update_at": "2025-11-17T13:44:26.000Z"
    },
    {
      "shortPath": "l2/music/aboutPage.test.ts",
      "versionRef": "17b3ccf2b53a467750fa88c3aef517f7f7c0e869",
      "Length": 256,
      "update_at": "2025-11-17T13:44:26.000Z"
    },
    {
      "shortPath": "l2/music/aboutPage.ts",
      "versionRef": "6e81eac908f50a92b3935e23e4bcdd10470fd482",
      "Length": 432,
      "update_at": "2025-11-17T13:44:26.000Z"
    },
    {
      "shortPath": "l2/music/contactPage.defs.ts",
      "versionRef": "1424e73c99fc42a061599a83a622a70697f6c177",
      "Length": 2433,
      "update_at": "2025-11-17T13:44:26.000Z"
    },
    {
      "shortPath": "l2/music/contactPage.html",
      "versionRef": "077708897be50c76678e2dafd8ababd4465849e4",
      "Length": 677,
      "update_at": "2025-11-17T13:44:26.000Z"
    },
    {
      "shortPath": "l2/music/contactPage.less",
      "versionRef": "360dba61655680671d50a50f083b33f389066c3f",
      "Length": 658,
      "update_at": "2025-11-17T13:44:26.000Z"
    },
    {
      "shortPath": "l2/music/contactPage.test.ts",
      "versionRef": "9feecbf0865d9f0984ab45b609ab82d1906cfdee",
      "Length": 258,
      "update_at": "2025-11-17T13:44:26.000Z"
    },
    {
      "shortPath": "l2/music/contactPage.ts",
      "versionRef": "149babb1d2c7391c3d1b3a1ec4e17567548cc1b4",
      "Length": 438,
      "update_at": "2025-11-17T13:44:26.000Z"
    },
    {
      "shortPath": "l2/music/galleryPage.defs.ts",
      "versionRef": "94b30214c10bf56f6a3a2f44edcd8425e6d7cff2",
      "Length": 2623,
      "update_at": "2025-11-17T13:44:26.000Z"
    },
    {
      "shortPath": "l2/music/galleryPage.html",
      "versionRef": "7211761bac9427d36eeddff3fa90b0784f33fa4d",
      "Length": 565,
      "update_at": "2025-11-17T13:44:26.000Z"
    },
    {
      "shortPath": "l2/music/galleryPage.less",
      "versionRef": "d0e849e85e3806fecc821991b54ee2148c6f9ab2",
      "Length": 493,
      "update_at": "2025-11-17T13:44:26.000Z"
    },
    {
      "shortPath": "l2/music/galleryPage.test.ts",
      "versionRef": "7b4c13bfe857e850fbd591697add87340bf673c2",
      "Length": 258,
      "update_at": "2025-11-17T13:44:26.000Z"
    },
    {
      "shortPath": "l2/music/galleryPage.ts",
      "versionRef": "b388016124968888fe21242ca51c956f593a0ddf",
      "Length": 438,
      "update_at": "2025-11-17T13:44:26.000Z"
    },
    {
      "shortPath": "l2/music/homePage.defs.ts",
      "versionRef": "7e2ada263cf859e2d8a0e3863b37b96587f37f32",
      "Length": 3388,
      "update_at": "2025-11-17T13:44:26.000Z"
    },
    {
      "shortPath": "l2/music/homePage.html",
      "versionRef": "977993bf20adf6f7601c319d67cd530211dbc435",
      "Length": 859,
      "update_at": "2025-11-17T13:44:26.000Z"
    },
    {
      "shortPath": "l2/music/homePage.less",
      "versionRef": "f14a1c4adcdf8ff14318efe275664e624d88005c",
      "Length": 148,
      "update_at": "2025-11-17T13:44:26.000Z"
    },
    {
      "shortPath": "l2/music/homePage.test.ts",
      "versionRef": "35eab2849a5d5104862bdb1a79de6abcbfaff204",
      "Length": 255,
      "update_at": "2025-11-17T13:44:26.000Z"
    },
    {
      "shortPath": "l2/music/homePage.ts",
      "versionRef": "69275900e1e49baef3a3822db59af93044213451",
      "Length": 429,
      "update_at": "2025-11-17T13:44:26.000Z"
    },
    {
      "shortPath": "l2/music/module.defs.ts",
      "versionRef": "375794617f57381a4275882830a9490cf836dbaf",
      "Length": 85,
      "update_at": "2025-11-17T13:44:26.000Z"
    },
    {
      "shortPath": "l2/music/module.html",
      "versionRef": "6e54754ae6e62592cfb1ba96840c597443af8605",
      "Length": 15,
      "update_at": "2025-11-17T13:44:26.000Z"
    },
    {
      "shortPath": "l2/music/module.less",
      "versionRef": "65e7796860cbbe26d2ce9d4c4ed6cfb6529d396a",
      "Length": 143,
      "update_at": "2025-11-17T13:44:26.000Z"
    },
    {
      "shortPath": "l2/music/module.test.ts",
      "versionRef": "5d0978c79135274750ae99ce36f14f8782f59564",
      "Length": 253,
      "update_at": "2025-11-17T13:44:26.000Z"
    },
    {
      "shortPath": "l2/music/module.ts",
      "versionRef": "47dedd70c6d90f85ef72455f19f3837442f05e1b",
      "Length": 25961,
      "update_at": "2025-11-17T13:44:26.000Z"
    },
    {
      "shortPath": "l2/music/organismBiography.defs.ts",
      "versionRef": "b8a7e5429c6a3decd3c3f72ad3d2878537a1eebd",
      "Length": 1029,
      "update_at": "2025-11-17T13:44:26.000Z"
    },
    {
      "shortPath": "l2/music/organismBiography.html",
      "versionRef": "5aa8f422195dff163207ec8de4e114bff1611408",
      "Length": 69,
      "update_at": "2025-11-17T13:44:26.000Z"
    },
    {
      "shortPath": "l2/music/organismBiography.less",
      "versionRef": "916ab7a3927a61e88a50864b0acaab402b94b6f6",
      "Length": 166,
      "update_at": "2025-11-17T13:44:26.000Z"
    },
    {
      "shortPath": "l2/music/organismBiography.test.ts",
      "versionRef": "b93008b3f7e467b0e54a932e953ace21ad322ec0",
      "Length": 264,
      "update_at": "2025-11-17T13:44:26.000Z"
    },
    {
      "shortPath": "l2/music/organismBiography.ts",
      "versionRef": "b0f1a13814d638e60ae6b01cb0196704cb1d2076",
      "Length": 2391,
      "update_at": "2025-11-17T13:44:26.000Z"
    },
    {
      "shortPath": "l2/music/organismCtaButtons.defs.ts",
      "versionRef": "8def792dc6da6319d4cc79ed05433566ffc658a9",
      "Length": 1042,
      "update_at": "2025-11-17T13:44:26.000Z"
    },
    {
      "shortPath": "l2/music/organismCtaButtons.html",
      "versionRef": "6dd2d194b85d5102888263088edc1549f1cd752c",
      "Length": 73,
      "update_at": "2025-11-17T13:44:26.000Z"
    },
    {
      "shortPath": "l2/music/organismCtaButtons.less",
      "versionRef": "3c813886e31838bce0b15dffef0b7373549f42e6",
      "Length": 1181,
      "update_at": "2025-11-17T13:44:26.000Z"
    },
    {
      "shortPath": "l2/music/organismCtaButtons.test.ts",
      "versionRef": "627c15b250cd6712b0a33e9b805958d3c045c3fd",
      "Length": 265,
      "update_at": "2025-11-17T13:44:26.000Z"
    },
    {
      "shortPath": "l2/music/organismCtaButtons.ts",
      "versionRef": "778314d2ea57a96017eef9a1f97e935f1fa0c426",
      "Length": 820,
      "update_at": "2025-11-17T13:44:26.000Z"
    },
    {
      "shortPath": "l2/music/organismFooter.defs.ts",
      "versionRef": "95540bf6ede54d4ed6490df1ab93bf97b58ba720",
      "Length": 1052,
      "update_at": "2025-11-17T13:44:26.000Z"
    },
    {
      "shortPath": "l2/music/organismFooter.html",
      "versionRef": "aa8b2ceb98225da7dad7ee4a66ab7043cb6cd482",
      "Length": 63,
      "update_at": "2025-11-17T13:44:26.000Z"
    },
    {
      "shortPath": "l2/music/organismFooter.less",
      "versionRef": "7f2b8bfc50ddb7881f60a5e5d64c12b52fc0855d",
      "Length": 923,
      "update_at": "2025-11-17T13:44:26.000Z"
    },
    {
      "shortPath": "l2/music/organismFooter.test.ts",
      "versionRef": "1bd49d96023e24823e9a2c1ee5762153f8b41a3e",
      "Length": 261,
      "update_at": "2025-11-17T13:44:26.000Z"
    },
    {
      "shortPath": "l2/music/organismFooter.ts",
      "versionRef": "f7e69793c01adffcbf032cb19b76c5d59ff597bc",
      "Length": 836,
      "update_at": "2025-11-17T13:44:26.000Z"
    },
    {
      "shortPath": "l2/music/organismHero.defs.ts",
      "versionRef": "b6f62b830fafa68fc528be8ac1505ff0b97908ef",
      "Length": 1152,
      "update_at": "2025-11-17T13:44:26.000Z"
    },
    {
      "shortPath": "l2/music/organismHero.html",
      "versionRef": "a8f6aa55defcfd1f7442a9131fc41710ef04f6ab",
      "Length": 59,
      "update_at": "2025-11-17T13:44:26.000Z"
    },
    {
      "shortPath": "l2/music/organismHero.less",
      "versionRef": "a2b1035be89a5963f93c501c5526463cd9786a18",
      "Length": 1832,
      "update_at": "2025-11-17T13:44:26.000Z"
    },
    {
      "shortPath": "l2/music/organismHero.test.ts",
      "versionRef": "1245664d58040834fe61579f779bd2310119800c",
      "Length": 259,
      "update_at": "2025-11-17T13:44:26.000Z"
    },
    {
      "shortPath": "l2/music/organismHero.ts",
      "versionRef": "04d976b0c9fd231bf3e1de9a04503b855af4f68d",
      "Length": 916,
      "update_at": "2025-11-17T13:44:26.000Z"
    },
    {
      "shortPath": "l2/music/organismMediaGallery.defs.ts",
      "versionRef": "b6c8de671893faf2d73c91a9ee5e035a07e3c005",
      "Length": 1024,
      "update_at": "2025-11-17T13:44:26.000Z"
    },
    {
      "shortPath": "l2/music/organismMediaGallery.html",
      "versionRef": "854c719ea6c8ad22411a7e84ce83f38684c6d066",
      "Length": 77,
      "update_at": "2025-11-17T13:44:26.000Z"
    },
    {
      "shortPath": "l2/music/organismMediaGallery.less",
      "versionRef": "120bae6c753ccdec62c601f360222dd1580c948d",
      "Length": 2203,
      "update_at": "2025-11-17T13:44:26.000Z"
    },
    {
      "shortPath": "l2/music/organismMediaGallery.test.ts",
      "versionRef": "5698f4e6368575b33e7c30401c31c9049cc0da44",
      "Length": 267,
      "update_at": "2025-11-17T13:44:26.000Z"
    },
    {
      "shortPath": "l2/music/organismMediaGallery.ts",
      "versionRef": "eeb5112d24966ce2e992f68553e1df7a4a9e8a2c",
      "Length": 7222,
      "update_at": "2025-11-17T13:44:26.000Z"
    },
    {
      "shortPath": "l2/music/organismNav.defs.ts",
      "versionRef": "1cd793f0100321aadc20737eb5fb4742cc15b844",
      "Length": 1419,
      "update_at": "2025-11-17T13:44:26.000Z"
    },
    {
      "shortPath": "l2/music/organismNav.html",
      "versionRef": "efd74d23fbb4dde8af901c76f05be77e30b24908",
      "Length": 57,
      "update_at": "2025-11-17T13:44:26.000Z"
    },
    {
      "shortPath": "l2/music/organismNav.less",
      "versionRef": "c4183a7572de7a33720a957160987aa2e93226a5",
      "Length": 1497,
      "update_at": "2025-11-17T13:44:26.000Z"
    },
    {
      "shortPath": "l2/music/organismNav.test.ts",
      "versionRef": "ad0f5cf5a27a97b59105b30633a2e83d07546131",
      "Length": 258,
      "update_at": "2025-11-17T13:44:26.000Z"
    },
    {
      "shortPath": "l2/music/organismNav.ts",
      "versionRef": "7b0ce2986ec9fccd6b3b150637338f20a60e253c",
      "Length": 1691,
      "update_at": "2025-11-17T13:44:26.000Z"
    },
    {
      "shortPath": "l2/music/organismScheduleForm.defs.ts",
      "versionRef": "748e3334349138fc612c99081f36c2cba1f1de84",
      "Length": 1030,
      "update_at": "2025-11-17T13:44:26.000Z"
    },
    {
      "shortPath": "l2/music/organismScheduleForm.html",
      "versionRef": "3b326e2a5aab484a3131bfc1a66492c5995ecfb8",
      "Length": 77,
      "update_at": "2025-11-17T13:44:26.000Z"
    },
    {
      "shortPath": "l2/music/organismScheduleForm.less",
      "versionRef": "acfd095dac1681d1414fcd80fc9b433b981f3f75",
      "Length": 1867,
      "update_at": "2025-11-17T13:44:26.000Z"
    },
    {
      "shortPath": "l2/music/organismScheduleForm.test.ts",
      "versionRef": "4b3eb2127bbfb9f4a27cce6041c11b8e3cb5c59c",
      "Length": 267,
      "update_at": "2025-11-17T13:44:26.000Z"
    },
    {
      "shortPath": "l2/music/organismScheduleForm.ts",
      "versionRef": "e1a159cf662d8b6d89721a2ec4e5747585d9e5cd",
      "Length": 2856,
      "update_at": "2025-11-17T13:44:26.000Z"
    },
    {
      "shortPath": "l2/music/organismSummaryAbout.defs.ts",
      "versionRef": "e756a232018d50fbf9e8f52a94fdacf66f8f4220",
      "Length": 1048,
      "update_at": "2025-11-17T13:44:26.000Z"
    },
    {
      "shortPath": "l2/music/organismSummaryAbout.html",
      "versionRef": "4b67ef098f5f29a9dd72c10a057672acbb8e129d",
      "Length": 77,
      "update_at": "2025-11-17T13:44:26.000Z"
    },
    {
      "shortPath": "l2/music/organismSummaryAbout.less",
      "versionRef": "462954f0b51ea22dcd22b1c047cc8aaf50d59914",
      "Length": 1226,
      "update_at": "2025-11-17T13:44:26.000Z"
    },
    {
      "shortPath": "l2/music/organismSummaryAbout.test.ts",
      "versionRef": "a274e37b527c551333279e1134fa49e8e7b09370",
      "Length": 267,
      "update_at": "2025-11-17T13:44:26.000Z"
    },
    {
      "shortPath": "l2/music/organismSummaryAbout.ts",
      "versionRef": "cbf08ce5f05f8089414e061b9e81a242235db7af",
      "Length": 1390,
      "update_at": "2025-11-17T13:44:26.000Z"
    },
    {
      "shortPath": "l2/music/organismSummaryPortfolio.defs.ts",
      "versionRef": "dffdfaf6832d3738274494476a2eca10a61e9fb8",
      "Length": 1067,
      "update_at": "2025-11-17T13:44:26.000Z"
    },
    {
      "shortPath": "l2/music/organismSummaryPortfolio.html",
      "versionRef": "f662a128cf0e1e3e85aeebc4983529fd5108c0a7",
      "Length": 85,
      "update_at": "2025-11-17T13:44:26.000Z"
    },
    {
      "shortPath": "l2/music/organismSummaryPortfolio.less",
      "versionRef": "79a98455d14abd45387667093e4a9f81e0ca72b7",
      "Length": 1126,
      "update_at": "2025-11-17T13:44:26.000Z"
    },
    {
      "shortPath": "l2/music/organismSummaryPortfolio.test.ts",
      "versionRef": "99885ee99b82b079a213a6a0f67c5809d72a4e90",
      "Length": 271,
      "update_at": "2025-11-17T13:44:26.000Z"
    },
    {
      "shortPath": "l2/music/organismSummaryPortfolio.ts",
      "versionRef": "9998e0c73d18b143e93e33377bcbd34a57595289",
      "Length": 2338,
      "update_at": "2025-11-17T13:44:26.000Z"
    },
    {
      "shortPath": "l2/music/portfolioPage.defs.ts",
      "versionRef": "688003f121f90655226ba599b4b48063da080cfa",
      "Length": 2053,
      "update_at": "2025-11-17T13:44:26.000Z"
    },
    {
      "shortPath": "l2/music/portfolioPage.html",
      "versionRef": "35065181b131200e5dfe811265eae31954256533",
      "Length": 684,
      "update_at": "2025-11-17T13:44:26.000Z"
    },
    {
      "shortPath": "l2/music/portfolioPage.less",
      "versionRef": "cec22e7f01101748e6bd2a17e5c87599dc989a0a",
      "Length": 605,
      "update_at": "2025-11-17T13:44:26.000Z"
    },
    {
      "shortPath": "l2/music/portfolioPage.test.ts",
      "versionRef": "405aaebfbd3c6a2af3f9eb67a4e4a4574f651d37",
      "Length": 260,
      "update_at": "2025-11-17T13:44:26.000Z"
    },
    {
      "shortPath": "l2/music/portfolioPage.ts",
      "versionRef": "7905a5ce108194374fbd46b70aeb58788b69655a",
      "Length": 444,
      "update_at": "2025-11-17T13:44:26.000Z"
    },
    {
      "shortPath": "l2/music/schedulePage.defs.ts",
      "versionRef": "381a89a5138aaf1ffcc81361f5c7d715a2861229",
      "Length": 1862,
      "update_at": "2025-11-17T13:44:26.000Z"
    },
    {
      "shortPath": "l2/music/schedulePage.html",
      "versionRef": "44ab3ea836ce0b72f1562de7915a1fb32f7eb888",
      "Length": 575,
      "update_at": "2025-11-17T13:44:26.000Z"
    },
    {
      "shortPath": "l2/music/schedulePage.less",
      "versionRef": "276fe74df9989f8c4e39cdf13bb4cf862e33e8da",
      "Length": 533,
      "update_at": "2025-11-17T13:44:26.000Z"
    },
    {
      "shortPath": "l2/music/schedulePage.test.ts",
      "versionRef": "7d19540dafc4107b2950e9049c6c4952ecc06bd7",
      "Length": 259,
      "update_at": "2025-11-17T13:44:26.000Z"
    },
    {
      "shortPath": "l2/music/schedulePage.ts",
      "versionRef": "4fff336c17ef220ff3fd55eda7ff7beff04d6d49",
      "Length": 441,
      "update_at": "2025-11-17T13:44:26.000Z"
    },
    {
      "shortPath": "l2/project.defs.ts",
      "versionRef": "5dbc3f2b02bd7246b496311562ebd240a1d9d87e",
      "Length": 81,
      "update_at": "2025-11-17T13:44:26.000Z"
    },
    {
      "shortPath": "l2/project.html",
      "versionRef": "88a90cf32ef33346febb29387541246b1be9a2e0",
      "Length": 16,
      "update_at": "2025-11-17T13:44:26.000Z"
    },
    {
      "shortPath": "l2/project.less",
      "versionRef": "f7bf07dcdd525b27add16c6a65e0ab2d4b58151d",
      "Length": 133,
      "update_at": "2025-11-17T13:44:26.000Z"
    },
    {
      "shortPath": "l2/project.test.ts",
      "versionRef": "519a811a3692f9c33c45d61c8efddfe468dab4e4",
      "Length": 249,
      "update_at": "2025-11-17T13:44:26.000Z"
    },
    {
      "shortPath": "l2/project.ts",
      "versionRef": "3a724f80f4338849ec2eab5ea59297528cfcbf69",
      "Length": 381,
      "update_at": "2025-11-17T13:44:26.000Z"
    },
    {
      "shortPath": "l5/project.json",
      "versionRef": "2e869618674790690e1ecfdb4669c4671dd7ba01",
      "Length": 384,
      "update_at": "2025-11-17T13:44:26.000Z"
    },
    {
      "shortPath": "l0/package.json",
      "versionRef": "c43b8fd5994bba273d55181ba796e37610b9e910",
      "Length": 470,
      "update_at": "2025-11-17T13:09:19.000Z"
    },
    {
      "shortPath": "l0/tsconfig.json",
      "versionRef": "6a95f6e8d8e3042af5f58de9c691a455a7221647",
      "Length": 1191,
      "update_at": "2025-11-17T13:09:20.000Z"
    }
  ]
}